﻿<?xml version="1.0" encoding="UTF-8"?>
<imageIndex>
  <image>
    <originalFileName>tab-thumb.jpg</originalFileName>
    <size>7274</size>
    <dateLastModified>Wed, 12 Dec 2012 12:05:20 GMT</dateLastModified>
    <width>96</width>
    <height>54</height>
    <cachedImage>
      <fileName>oz4v2yot.jpeg</fileName>
      <dateCreated>Thu, 13 Dec 2012 14:09:46 GMT</dateCreated>
      <dateLastAccessed>Thu, 13 Dec 2012 14:13:30 GMT</dateLastAccessed>
      <imageFormat>jpeg</imageFormat>
      <compression>90</compression>
      <width>150</width>
      <height>84</height>
      <bgColor>#FFFFFF</bgColor>
      <transparent>True</transparent>
      <border>0</border>
      <borderColor>#000000</borderColor>
      <constrain>True</constrain>
      <pad>False</pad>
    </cachedImage>
    <cachedImage>
      <fileName>5t2ayi52.jpeg</fileName>
      <dateCreated>Fri, 14 Dec 2012 16:05:39 GMT</dateCreated>
      <dateLastAccessed>Fri, 04 Jan 2013 13:00:19 GMT</dateLastAccessed>
      <imageFormat>jpeg</imageFormat>
      <compression>90</compression>
      <width>100</width>
      <height>56</height>
      <bgColor>#FFFFFF</bgColor>
      <transparent>True</transparent>
      <border>0</border>
      <borderColor>#000000</borderColor>
      <constrain>False</constrain>
      <pad>False</pad>
    </cachedImage>
  </image>
</imageIndex>