﻿<?xml version="1.0" encoding="UTF-8"?>
<imageIndex>
  <image>
    <originalFileName>7408537438_c212281dae_m.jpg</originalFileName>
    <size>31205</size>
    <dateLastModified>Wed, 28 Nov 2012 10:24:12 GMT</dateLastModified>
    <width>240</width>
    <height>160</height>
    <cachedImage>
      <fileName>riwxdc43.jpeg</fileName>
      <dateCreated>Fri, 25 Jan 2013 13:18:36 GMT</dateCreated>
      <dateLastAccessed>Fri, 25 Jan 2013 14:38:01 GMT</dateLastAccessed>
      <imageFormat>jpeg</imageFormat>
      <compression>90</compression>
      <width>100</width>
      <height>67</height>
      <bgColor>#FFFFFF</bgColor>
      <transparent>True</transparent>
      <border>0</border>
      <borderColor>#000000</borderColor>
      <constrain>False</constrain>
      <pad>False</pad>
    </cachedImage>
    <cachedImage>
      <fileName>34d31wyd.jpeg</fileName>
      <dateCreated>Fri, 25 Jan 2013 13:18:36 GMT</dateCreated>
      <dateLastAccessed>Fri, 25 Jan 2013 14:38:01 GMT</dateLastAccessed>
      <imageFormat>jpeg</imageFormat>
      <compression>90</compression>
      <width>280</width>
      <height>187</height>
      <bgColor>#FFFFFF</bgColor>
      <transparent>True</transparent>
      <border>0</border>
      <borderColor>#000000</borderColor>
      <constrain>True</constrain>
      <pad>False</pad>
    </cachedImage>
  </image>
  <image>
    <originalFileName>7408537438_c212281dae_m.jpg</originalFileName>
    <size>31205</size>
    <dateLastModified>Wed, 28 Nov 2012 10:24:12 GMT</dateLastModified>
    <width>240</width>
    <height>160</height>
  </image>
</imageIndex>