﻿<?xml version="1.0" encoding="UTF-8"?>
<imageIndex>
  <image>
    <imageText>Hello, world!</imageText>
    <cachedImage>
      <fileName>k2oypnuo.gif</fileName>
      <dateCreated>Wed, 12 Dec 2012 11:51:21 GMT</dateCreated>
      <dateLastAccessed>Wed, 12 Dec 2012 11:51:21 GMT</dateLastAccessed>
      <imageFormat>gif</imageFormat>
      <width>280</width>
      <height>208</height>
      <bgColor>#FFFFFF</bgColor>
      <transparent>True</transparent>
      <border>0</border>
      <borderColor>#000000</borderColor>
      <constrain>True</constrain>
      <pad>False</pad>
      <antiAlias>True</antiAlias>
      <fontName>Arial</fontName>
      <fontSize>32</fontSize>
      <lineHeight>-1</lineHeight>
      <fontStyle>Regular</fontStyle>
      <fontColor>#000000</fontColor>
      <align>left</align>
      <valign>middle</valign>
    </cachedImage>
  </image>
</imageIndex>