﻿<?xml version="1.0" encoding="UTF-8"?>
<imageIndex>
  <image>
    <originalFileName>2686-1.jpg</originalFileName>
    <cachedImage>
      <fileName>vitm4vfz.jpeg</fileName>
      <dateCreated>Wed, 12 Sep 2012 16:04:20 GMT</dateCreated>
      <dateLastAccessed>Wed, 12 Sep 2012 16:04:20 GMT</dateLastAccessed>
      <imageFormat>jpeg</imageFormat>
      <compression>90</compression>
      <rotate>0</rotate>
      <flip>
      </flip>
      <colorMode>
      </colorMode>
      <crop>
      </crop>
      <width>72</width>
      <height>48</height>
      <bgColor>#FFFFFF</bgColor>
      <transparent>True</transparent>
      <border>0</border>
      <borderColor>#000000</borderColor>
      <constrain>True</constrain>
      <pad>False</pad>
    </cachedImage>
  </image>
</imageIndex>