﻿<?xml version="1.0" encoding="UTF-8"?>
<imageIndex>
  <image>
    <originalFileName>2686-1.jpg</originalFileName>
    <size>44286</size>
    <dateLastModified>Wed, 05 Sep 2012 15:03:53 GMT</dateLastModified>
    <width>600</width>
    <height>398</height>
    <cachedImage>
      <fileName>vitm4vfz.jpeg</fileName>
      <dateCreated>Wed, 05 Sep 2012 15:46:26 GMT</dateCreated>
      <dateLastAccessed>Wed, 12 Sep 2012 16:04:20 GMT</dateLastAccessed>
      <imageFormat>jpeg</imageFormat>
      <compression>90</compression>
      <rotate>0</rotate>
      <flip />
      <colorMode />
      <crop />
      <width>72</width>
      <height>48</height>
      <bgColor>#FFFFFF</bgColor>
      <transparent>True</transparent>
      <border>0</border>
      <borderColor>#000000</borderColor>
      <constrain>True</constrain>
      <pad>False</pad>
    </cachedImage>
    <cachedImage>
      <fileName>i1itemcv.jpeg</fileName>
      <dateCreated>Wed, 05 Sep 2012 15:46:26 GMT</dateCreated>
      <dateLastAccessed>Wed, 12 Sep 2012 16:04:20 GMT</dateLastAccessed>
      <imageFormat>jpeg</imageFormat>
      <compression>90</compression>
      <rotate>0</rotate>
      <flip />
      <colorMode />
      <crop />
      <width>377</width>
      <height>250</height>
      <bgColor>#FFFFFF</bgColor>
      <transparent>True</transparent>
      <border>0</border>
      <borderColor>#000000</borderColor>
      <constrain>True</constrain>
      <pad>False</pad>
    </cachedImage>
  </image>
  <image>
    <originalFileName>2686-1.jpg</originalFileName>
    <size>44286</size>
    <dateLastModified>Wed, 05 Sep 2012 15:03:53 GMT</dateLastModified>
    <width>600</width>
    <height>398</height>
  </image>
</imageIndex>