﻿<?xml version="1.0" encoding="UTF-8"?>
<imageIndex>
  <image>
    <originalFileName>titus_ii.jpg</originalFileName>
    <size>1873722</size>
    <dateLastModified>Wed, 12 Dec 2012 12:05:24 GMT</dateLastModified>
    <width>4256</width>
    <height>2832</height>
    <cachedImage>
      <fileName>xwpxswyo.jpeg</fileName>
      <dateCreated>Fri, 25 Jan 2013 13:18:37 GMT</dateCreated>
      <dateLastAccessed>Fri, 25 Jan 2013 14:38:01 GMT</dateLastAccessed>
      <imageFormat>jpeg</imageFormat>
      <compression>90</compression>
      <width>280</width>
      <height>186</height>
      <bgColor>#FFFFFF</bgColor>
      <transparent>True</transparent>
      <border>0</border>
      <borderColor>#000000</borderColor>
      <constrain>True</constrain>
      <pad>False</pad>
    </cachedImage>
  </image>
</imageIndex>