﻿<?xml version="1.0" encoding="UTF-8"?>
<imageIndex>
  <image>
    <originalFileName>peppermill.jpg</originalFileName>
    <size>1422797</size>
    <dateLastModified>Wed, 12 Dec 2012 12:05:22 GMT</dateLastModified>
    <width>3200</width>
    <height>2133</height>
    <cachedImage>
      <fileName>2urmngec.jpeg</fileName>
      <dateCreated>Fri, 18 Jan 2013 16:59:30 GMT</dateCreated>
      <dateLastAccessed>Thu, 31 Jan 2013 12:04:32 GMT</dateLastAccessed>
      <imageFormat>jpeg</imageFormat>
      <compression>90</compression>
      <width>100</width>
      <height>67</height>
      <bgColor>#FFFFFF</bgColor>
      <transparent>True</transparent>
      <border>0</border>
      <borderColor>#000000</borderColor>
      <constrain>False</constrain>
      <pad>False</pad>
    </cachedImage>
    <cachedImage>
      <fileName>lvifnwu5.jpeg</fileName>
      <dateCreated>Fri, 25 Jan 2013 13:18:37 GMT</dateCreated>
      <dateLastAccessed>Fri, 25 Jan 2013 14:38:01 GMT</dateLastAccessed>
      <imageFormat>jpeg</imageFormat>
      <compression>90</compression>
      <width>280</width>
      <height>187</height>
      <bgColor>#FFFFFF</bgColor>
      <transparent>True</transparent>
      <border>0</border>
      <borderColor>#000000</borderColor>
      <constrain>True</constrain>
      <pad>False</pad>
    </cachedImage>
    <cachedImage>
      <fileName>hkmtup50.jpeg</fileName>
      <dateCreated>Fri, 25 Jan 2013 14:21:09 GMT</dateCreated>
      <dateLastAccessed>Fri, 25 Jan 2013 14:21:09 GMT</dateLastAccessed>
      <imageFormat>jpeg</imageFormat>
      <compression>90</compression>
      <width>150</width>
      <height>100</height>
      <bgColor>#FFFFFF</bgColor>
      <transparent>True</transparent>
      <border>0</border>
      <borderColor>#000000</borderColor>
      <constrain>True</constrain>
      <pad>False</pad>
    </cachedImage>
  </image>
</imageIndex>