﻿<?xml version="1.0" encoding="UTF-8"?>
<imageIndex>
  <image>
    <originalFileName>big-star.jpg</originalFileName>
    <size>502219</size>
    <dateLastModified>Wed, 12 Dec 2012 12:05:19 GMT</dateLastModified>
    <width>906</width>
    <height>1048</height>
    <cachedImage>
      <fileName>3xthc2a4.jpeg</fileName>
      <dateCreated>Fri, 14 Dec 2012 14:18:06 GMT</dateCreated>
      <dateLastAccessed>Thu, 20 Dec 2012 16:53:03 GMT</dateLastAccessed>
      <imageFormat>jpeg</imageFormat>
      <compression>90</compression>
      <width>100</width>
      <height>116</height>
      <bgColor>#FFFFFF</bgColor>
      <transparent>True</transparent>
      <border>0</border>
      <borderColor>#000000</borderColor>
      <constrain>False</constrain>
      <pad>False</pad>
    </cachedImage>
  </image>
</imageIndex>