﻿<?xml version="1.0" encoding="UTF-8"?>
<imageIndex>
  <image>
    <originalFileName>7448486460_73b16a254c_m.jpg</originalFileName>
    <size>18564</size>
    <dateLastModified>Wed, 28 Nov 2012 10:24:14 GMT</dateLastModified>
    <width>240</width>
    <height>167</height>
    <cachedImage>
      <fileName>fm0ouepo.jpeg</fileName>
      <dateCreated>Fri, 25 Jan 2013 13:18:36 GMT</dateCreated>
      <dateLastAccessed>Fri, 25 Jan 2013 14:38:01 GMT</dateLastAccessed>
      <imageFormat>jpeg</imageFormat>
      <compression>90</compression>
      <width>280</width>
      <height>195</height>
      <bgColor>#FFFFFF</bgColor>
      <transparent>True</transparent>
      <border>0</border>
      <borderColor>#000000</borderColor>
      <constrain>True</constrain>
      <pad>False</pad>
    </cachedImage>
  </image>
</imageIndex>