﻿<?xml version="1.0" encoding="UTF-8"?>
<imageIndex>
  <image>
    <originalFileName>wjp_coast_clouds1.jpg</originalFileName>
    <size>1332614</size>
    <dateLastModified>Tue, 27 Nov 2012 15:22:15 GMT</dateLastModified>
    <width>3100</width>
    <height>1903</height>
    <cachedImage>
      <fileName>ud2u5lmi.jpeg</fileName>
      <dateCreated>Fri, 30 Nov 2012 10:13:30 GMT</dateCreated>
      <dateLastAccessed>Thu, 03 Jan 2013 11:58:22 GMT</dateLastAccessed>
      <imageFormat>jpeg</imageFormat>
      <compression>90</compression>
      <width>100</width>
      <height>61</height>
      <bgColor>#FFFFFF</bgColor>
      <transparent>True</transparent>
      <border>0</border>
      <borderColor>#000000</borderColor>
      <constrain>False</constrain>
      <pad>False</pad>
    </cachedImage>
    <cachedImage>
      <fileName>zhfifbao.jpeg</fileName>
      <dateCreated>Fri, 30 Nov 2012 12:32:10 GMT</dateCreated>
      <dateLastAccessed>Thu, 03 Jan 2013 11:58:22 GMT</dateLastAccessed>
      <imageFormat>jpeg</imageFormat>
      <compression>90</compression>
      <width>620</width>
      <height>381</height>
      <bgColor>#FFFFFF</bgColor>
      <transparent>True</transparent>
      <border>0</border>
      <borderColor>#000000</borderColor>
      <constrain>False</constrain>
      <pad>False</pad>
    </cachedImage>
  </image>
</imageIndex>