﻿<?xml version="1.0" encoding="UTF-8"?>
<imageIndex>
  <image>
    <originalFileName>bg-box-advert.png</originalFileName>
    <size>77435</size>
    <dateLastModified>Wed, 12 Dec 2012 12:05:18 GMT</dateLastModified>
    <width>201</width>
    <height>248</height>
    <cachedImage>
      <fileName>bbpe45ba.png</fileName>
      <dateCreated>Thu, 13 Dec 2012 11:08:49 GMT</dateCreated>
      <dateLastAccessed>Fri, 14 Dec 2012 09:38:29 GMT</dateLastAccessed>
      <imageFormat>png</imageFormat>
      <width>150</width>
      <height>185</height>
      <bgColor>#FFFFFF</bgColor>
      <transparent>True</transparent>
      <border>0</border>
      <borderColor>#000000</borderColor>
      <constrain>True</constrain>
      <pad>False</pad>
    </cachedImage>
    <cachedImage>
      <fileName>1hvavkmz.png</fileName>
      <dateCreated>Fri, 14 Dec 2012 16:05:26 GMT</dateCreated>
      <dateLastAccessed>Mon, 17 Dec 2012 09:34:46 GMT</dateLastAccessed>
      <imageFormat>png</imageFormat>
      <width>100</width>
      <height>123</height>
      <bgColor>#FFFFFF</bgColor>
      <transparent>True</transparent>
      <border>0</border>
      <borderColor>#000000</borderColor>
      <constrain>False</constrain>
      <pad>False</pad>
    </cachedImage>
  </image>
</imageIndex>