﻿<?xml version="1.0" encoding="UTF-8"?>
<imageIndex>
  <image>
    <originalFileName>carlo.jpg</originalFileName>
    <size>6467</size>
    <dateLastModified>Wed, 12 Dec 2012 12:05:20 GMT</dateLastModified>
    <width>122</width>
    <height>95</height>
    <cachedImage>
      <fileName>qvbheurm.jpeg</fileName>
      <dateCreated>Fri, 25 Jan 2013 14:21:08 GMT</dateCreated>
      <dateLastAccessed>Fri, 25 Jan 2013 14:21:08 GMT</dateLastAccessed>
      <imageFormat>jpeg</imageFormat>
      <compression>90</compression>
      <width>150</width>
      <height>117</height>
      <bgColor>#FFFFFF</bgColor>
      <transparent>True</transparent>
      <border>0</border>
      <borderColor>#000000</borderColor>
      <constrain>True</constrain>
      <pad>False</pad>
    </cachedImage>
  </image>
</imageIndex>